{"text-embeddings-ada-v2": {"accuracy (0.3)": 0.23210485045367985, "precision (0.3)": 0.23210485045367985, "recall (0.3)": 1.0, "accuracy (0.5)": 0.23210485045367985, "precision (0.5)": 0.23210485045367985, "recall (0.5)": 1.0, "accuracy (0.7)": 0.2757253276576678, "precision (0.7)": 0.2426911544227886, "recall (0.7)": 1.0, "AUC": 0.9287481434231981}, "embed-multilingual-v3.0": {"accuracy (0.3)": 0.33617116612523806, "precision (0.3)": 0.2590647661915479, "recall (0.3)": 1.0, "accuracy (0.5)": 0.4395877674470707, "precision (0.5)": 0.29284704551880125, "recall (0.5)": 0.9998069498069498, "accuracy (0.7)": 0.7005040887196147, "precision (0.7)": 0.43627118644067797, "recall (0.7)": 0.9938223938223938, "AUC": 0.9389043352511623}, "BAAI/bge-base-en-v1.5": {"accuracy (0.3)": 0.2560770695642433, "precision (0.3)": 0.23780557787214507, "recall (0.3)": 1.0, "accuracy (0.5)": 0.39032149658339865, "precision (0.5)": 0.2757299124371224, "recall (0.5)": 1.0, "accuracy (0.7)": 0.6300212837459392, "precision (0.7)": 0.3853149459560194, "recall (0.7)": 0.9978764478764479, "AUC": 0.9318934985313542}, "llmrails/ember-v1": {"accuracy (0.3)": 0.3017587095328778, "precision (0.3)": 0.24948225208303232, "recall (0.3)": 1.0, "accuracy (0.5)": 0.42016354878458606, "precision (0.5)": 0.28586407659832785, "recall (0.5)": 1.0, "accuracy (0.7)": 0.6793099585527053, "precision (0.7)": 0.419549116952877, "recall (0.7)": 0.9951737451737451, "AUC": 0.9374992579325185}, "thenlper/gte-large": {"accuracy (0.3)": 0.23210485045367985, "precision (0.3)": 0.23210485045367985, "recall (0.3)": 1.0, "accuracy (0.5)": 0.23210485045367985, "precision (0.5)": 0.23210485045367985, "recall (0.5)": 1.0, "accuracy (0.7)": 0.29922706396325754, "precision (0.7)": 0.2488052066572204, "recall (0.7)": 1.0, "AUC": 0.9308503868044349}, "infgrad/stella-base-en-v2": {"accuracy (0.3)": 0.23246331354318361, "precision (0.3)": 0.2321880813106524, "recall (0.3)": 1.0, "accuracy (0.5)": 0.35196594600649717, "precision (0.5)": 0.2637138857070129, "recall (0.5)": 1.0, "accuracy (0.7)": 0.5297188305141705, "precision (0.7)": 0.33040870369779535, "recall (0.7)": 0.9996138996138996, "AUC": 0.9348323856835891}, "sentence-transformers/gtr-t5-large": {"accuracy (0.3)": 0.23210485045367985, "precision (0.3)": 0.23210485045367985, "recall (0.3)": 1.0, "accuracy (0.5)": 0.3174862775848549, "precision (0.5)": 0.25377229080932784, "recall (0.5)": 1.0, "accuracy (0.7)": 0.5265598745379186, "precision (0.7)": 0.32895071138211385, "recall (0.7)": 0.9998069498069498, "AUC": 0.9389203974214916}}