{
    "0.01": {
        "accuracy": 0.8536798476531869,
        "precision": 0.64382841259109,
        "recall": 0.8272200772200772,
        "AUC": 0.8444488424028904
    },
    "0.1": {
        "accuracy": 0.8610955528172959,
        "precision": 0.6521802750951127,
        "recall": 0.8604247104247105,
        "AUC": 0.8608615164085625
    },
    "0.3": {
        "accuracy": 0.881102274000224,
        "precision": 0.6984525960254497,
        "recall": 0.8583011583011583,
        "AUC": 0.8731476615721693
    },
    "0.5": {
        "accuracy": 0.8893245211157164,
        "precision": 0.7219855832241153,
        "recall": 0.8507722007722007,
        "AUC": 0.8758747947697619
    }
}