{
    "0.01": {
        "accuracy": 0.8489526156603562,
        "precision": 0.627953034375442,
        "recall": 0.8569498069498069,
        "AUC": 0.8517425912940136
    },
    "0.1": {
        "accuracy": 0.8674358687128935,
        "precision": 0.6625448159800981,
        "recall": 0.874034749034749,
        "AUC": 0.8697380163846246
    },
    "0.3": {
        "accuracy": 0.8836339195698443,
        "precision": 0.703257790368272,
        "recall": 0.8626447876447877,
        "AUC": 0.8763114529033567
    },
    "0.5": {
        "accuracy": 0.891340875994175,
        "precision": 0.7265252425587897,
        "recall": 0.8528957528957529,
        "AUC": 0.8779285474909108
    },
    "0.7": {
        "accuracy": 0.8938725215637953,
        "precision": 0.7362406520460465,
        "recall": 0.8457528957528958,
        "AUC": 0.8770850547327571
    },
    "0.9": {
        "accuracy": 0.8951943542063403,
        "precision": 0.7420344181291532,
        "recall": 0.8407335907335908,
        "AUC": 0.87619465824061
    }
}