
{
  "accuracy": 0.8649266270863673,
  "precision": 0.66020566693793,
  "recall": 0.8613899613899614,
  "AUC": 0.8636927925111733,
  "model": "BAAI/bge-base-en-v1.5",
  "dense_out_features": 512,
  "activation_function": "Tanh",
  "scheduler": "warmupconstant",
  "dataset_size": 16000,
  "epochs": 9
}
{
  "accuracy": 0.860983533101826,
  "precision": 0.6550951847704367,
  "recall": 0.847007722007722,
  "AUC": 0.8561077997347144,
  "model": "BAAI/bge-base-en-v1.5",
  "dense_out_features": 256,
  "activation_function": "ReLU",
  "scheduler": "warmuplinear",
  "dataset_size": 16000,
  "epochs": 10
}
{
  "accuracy": 0.8615212277360815,
  "precision": 0.6530432871896287,
  "recall": 0.8606177606177606,
  "AUC": 0.8612060356699307,
  "model": "BAAI/bge-base-en-v1.5",
  "dense_out_features": 256,
  "activation_function": "Tanh",
  "scheduler": "warmuplinear",
  "dataset_size": 16000,
  "epochs": 10
},
{
  "accuracy": 0.8656435532653747,
  "precision": 0.6665648621821791,
  "recall": 0.8426640926640927,
  "AUC": 0.8576267217514483,
  "model": "BAAI/bge-base-en-v1.5",
  "dense_out_features": 256,
  "activation_function": "ReLU",
  "scheduler": "warmupconstant",
  "dataset_size": 32000,
  "epochs": 6
}
{
  "accuracy": 0.8645233561106754,
  "precision": 0.6642046752455646,
  "recall": 0.841988416988417,
  "AUC": 0.8566616045554776,
  "model": "BAAI/bge-base-en-v1.5",
  "dense_out_features": 256,
  "activation_function": "ReLU",
  "scheduler": "warmupcosine",
  "dataset_size": 32000,
  "epochs": 9
}
{
  "accuracy": 0.8683768343228409,
  "precision": 0.668520327647103,
  "recall": 0.8586872586872587,
  "AUC": 0.8649964375128489,
  "model": "BAAI/bge-base-en-v1.5",
  "dense_out_features": 1024,
  "activation_function": "Tanh",
  "scheduler": "warmupconstant",
  "dataset_size": 32000,
  "epochs": 7
}
{
  "accuracy": 0.8538142713117509,
  "precision": 0.6370719851311745,
  "recall": 0.8602316602316602,
  "AUC": 0.8560531021800168,
  "model": "BAAI/bge-base-en-v1.5",
  "dense_out_features": 512,
  "activation_function": "Tanh",
  "scheduler": "warmupcosine",
  "dataset_size": 2000,
  "epochs": 14,
  "warmup_steps": 500
}
{
  "accuracy": 0.8544639856614764,
  "precision": 0.6375676445457135,
  "recall": 0.8642857142857143,
  "AUC": 0.8578904866103991,
  "model": "BAAI/bge-base-en-v1.5",
  "dense_out_features": 1024,
  "activation_function": "Tanh",
  "scheduler": "warmupcosine",
  "dataset_size": 2000,
  "epochs": 12,
  "warmup_steps": 500
}
{
  "accuracy": 0.8542175422874426,
  "precision": 0.6404052182785511,
  "recall": 0.8481660231660232,
  "AUC": 0.852106352210291,
  "model": "BAAI/bge-base-en-v1.5",
  "dense_out_features": 512,
  "activation_function": "Tanh",
  "scheduler": "warmupconstant",
  "dataset_size": 2000,
  "epochs": 11,
  "warmup_steps": 1000
}
{
  "accuracy": 0.8517531085471043,
  "precision": 0.6364365386017351,
  "recall": 0.8426640926640927,
  "AUC": 0.8485822286806971,
  "model": "BAAI/bge-base-en-v1.5",
  "dense_out_features": 256,
  "activation_function": "Tanh",
  "scheduler": "warmuplinear",
  "dataset_size": 2000,
  "epochs": 11,
  "warmup_steps": 1000
}
{
  "accuracy": 0.8676823120869273,
  "precision": 0.6994804729487639,
  "recall": 0.7537644787644787,
  "AUC": 0.8279398615558352,
  "model": "BAAI/bge-base-en-v1.5",
  "dense_out_features": 2048,
  "activation_function": "Tanh",
  "scheduler": "warmupconstant",
  "dataset_size": 1000,
  "epochs": 2,
  "warmup_steps": 1000
}
{
  "accuracy": 0.8674582726559874,
  "precision": 0.6975813622621376,
  "recall": 0.7572393822393823,
  "AUC": 0.8290062702590054,
  "model": "BAAI/bge-base-en-v1.5",
  "dense_out_features": 2048,
  "activation_function": "Tanh",
  "scheduler": "warmupcosine",
  "dataset_size": 1000,
  "epochs": 2,
  "warmup_steps": 1000
}
{
  "accuracy": 0.8659796124117844,
  "precision": 0.6922874209416725,
  "recall": 0.7607142857142857,
  "AUC": 0.8292557570073981,
  "model": "BAAI/bge-base-en-v1.5",
  "dense_out_features": 1024,
  "activation_function": "Tanh",
  "scheduler": "warmupcosine",
  "dataset_size": 1000,
  "epochs": 3,
  "warmup_steps": 1000
}
{
  "accuracy": 0.8661364400134424,
  "precision": 0.6994813938677099,
  "recall": 0.7420849420849421,
  "AUC": 0.8228586636026463,
  "model": "BAAI/bge-base-en-v1.5",
  "dense_out_features": 1024,
  "activation_function": "Tanh",
  "scheduler": "warmupconstant",
  "dataset_size": 1000,
  "epochs": 2,
  "warmup_steps": 500
}
{
  "accuracy": 0.8737313767223032,
  "precision": 0.6804430863254393,
  "recall": 0.8597490347490347,
  "AUC": 0.8688533649310454,
  "model": "BAAI/bge-base-en-v1.5",
  "dense_out_features": 2048,
  "activation_function": "Tanh",
  "scheduler": "warmuplinear",
  "dataset_size": 128000,
  "epochs": 8,
  "warmup_steps": 1000
}
{
  "accuracy": 0.8728800268847318,
  "precision": 0.6788549618320611,
  "recall": 0.8583976833976834,
  "AUC": 0.8678275798461794,
  "model": "BAAI/bge-base-en-v1.5",
  "dense_out_features": 256,
  "activation_function": "Tanh",
  "scheduler": "warmuplinear",
  "dataset_size": 128000,
  "epochs": 8,
  "warmup_steps": 500
}
{
  "accuracy": 0.8691833762742243,
  "precision": 0.6700007520493344,
  "recall": 0.8599420849420849,
  "AUC": 0.8659593721574027,
  "model": "BAAI/bge-base-en-v1.5",
  "dense_out_features": 2048,
  "activation_function": "Tanh",
  "scheduler": "warmupcosine",
  "dataset_size": 64000,
  "epochs": 8,
  "warmup_steps": 500
}
{
  "accuracy": 0.8707516522908032,
  "precision": 0.6677383997077092,
  "recall": 0.8820463320463321,
  "AUC": 0.8746920208736402,
  "model": "BAAI/bge-base-en-v1.5",
  "dense_out_features": 1024,
  "activation_function": "Tanh",
  "scheduler": "warmuplinear",
  "dataset_size": 256000,
  "epochs": 8,
  "warmup_steps": 1000
}
{
  "accuracy": 0.8690937605018483,
  "precision": 0.6648419823370557,
  "recall": 0.8792471042471043,
  "AUC": 0.8726359518317942,
  "model": "BAAI/bge-base-en-v1.5",
  "dense_out_features": 256,
  "activation_function": "Tanh",
  "scheduler": "warmupcosine",
  "dataset_size": 256000,
  "epochs": 8,
  "warmup_steps": 1000
}
{
  "accuracy": 0.8708636720062731,
  "precision": 0.6747262773722628,
  "recall": 0.8565637065637066,
  "AUC": 0.8658748510936696,
  "model": "BAAI/bge-base-en-v1.5",
  "dense_out_features": 512,
  "activation_function": "Tanh",
  "scheduler": "warmupconstant",
  "dataset_size": 64000,
  "epochs": 8,
  "warmup_steps": 1000
}
{
  "accuracy": 0.8722975243642881,
  "precision": 0.6774832419256551,
  "recall": 0.8584942084942085,
  "AUC": 0.8674819693091027,
  "model": "BAAI/bge-base-en-v1.5",
  "dense_out_features": 256,
  "activation_function": "Tanh",
  "scheduler": "warmuplinear",
  "dataset_size": 128000,
  "epochs": 8,
  "warmup_steps": 500
}
{
  "accuracy": 0.8693402038758822,
  "precision": 0.6650867726410967,
  "recall": 0.8804054054054054,
  "AUC": 0.8732005145188952,
  "model": "BAAI/bge-base-en-v1.5",
  "dense_out_features": 256,
  "activation_function": "Tanh",
  "scheduler": "warmuplinear",
  "dataset_size": 256000,
  "epochs": 8,
  "warmup_steps": 500
}
{
  "accuracy": 0.8729248347709196,
  "precision": 0.6738356570750519,
  "recall": 0.8770270270270271,
  "AUC": 0.874355964279378,
  "model": "BAAI/bge-base-en-v1.5",
  "dense_out_features": 256,
  "activation_function": "Tanh",
  "scheduler": "warmupconstant",
  "dataset_size": 256000,
  "epochs": 8,
  "warmup_steps": 500
}
{
  "accuracy": 0.87236473619357,
  "precision": 0.6779091949637543,
  "recall": 0.8575289575289575,
  "AUC": 0.8671889864231221,
  "model": "BAAI/bge-base-en-v1.5",
  "dense_out_features": 512,
  "activation_function": "Tanh",
  "scheduler": "warmupcosine",
  "dataset_size": 128000,
  "epochs": 8,
  "warmup_steps": 500
}
{
  "accuracy": 0.8733729136327993,
  "precision": 0.6786039453717754,
  "recall": 0.8633204633204633,
  "AUC": 0.8698659209381309,
  "model": "WhereIsAI/UAE-Large-V1",
  "dense_out_features": 2048,
  "activation_function": "Tanh",
  "scheduler": "warmupconstant",
  "dataset_size": 32000,
  "epochs": 8,