{"gte-large": {"accuracy": 0.8204099921586199, "precision": 0.569861707200763, "recall": 0.9227799227799228, "AUC": 0.8561237323600563}, "text-embedding-3-small": {"accuracy": 0.8337851461857287, "precision": 0.592130818870998, "recall": 0.9122586872586873, "AUC": 0.8611621663864554}, "bge-base-en-v1.5": {"accuracy": 0.8311414809006386, "precision": 0.5887010620247596, "recall": 0.9042471042471042, "AUC": 0.8566457986589276}, "ember-v1": {"accuracy": 0.8363615996415369, "precision": 0.5960040211108318, "recall": 0.9156370656370656, "AUC": 0.8640183869396123}}